month,city_id,repeat_passenger_count,trip_count.1,Total repeat trips
2024-01-01 00:00:00.000,"AP01",7,10,70
2024-01-01 00:00:00.000,"AP01",352,2,704
2024-01-01 00:00:00.000,"AP01",158,3,474
2024-01-01 00:00:00.000,"AP01",53,4,212
2024-01-01 00:00:00.000,"AP01",38,5,190
2024-01-01 00:00:00.000,"AP01",14,6,84
2024-01-01 00:00:00.000,"AP01",10,7,70
2024-01-01 00:00:00.000,"AP01",11,8,88
2024-01-01 00:00:00.000,"AP01",7,9,63
2024-01-01 00:00:00.000,"CH01",14,10,140
2024-01-01 00:00:00.000,"CH01",196,2,392
2024-01-01 00:00:00.000,"CH01",182,3,546
2024-01-01 00:00:00.000,"CH01",87,4,348
2024-01-01 00:00:00.000,"CH01",119,5,595
2024-01-01 00:00:00.000,"CH01",44,6,264
2024-01-01 00:00:00.000,"CH01",33,7,231
2024-01-01 00:00:00.000,"CH01",31,8,248
2024-01-01 00:00:00.000,"CH01",14,9,126
2024-01-01 00:00:00.000,"GJ01",27,10,270
2024-01-01 00:00:00.000,"GJ01",91,2,182
2024-01-01 00:00:00.000,"GJ01",161,3,483
2024-01-01 00:00:00.000,"GJ01",181,4,724
2024-01-01 00:00:00.000,"GJ01",366,5,1830
2024-01-01 00:00:00.000,"GJ01",172,6,1032
2024-01-01 00:00:00.000,"GJ01",107,7,749
2024-01-01 00:00:00.000,"GJ01",55,8,440
2024-01-01 00:00:00.000,"GJ01",24,9,216
2024-01-01 00:00:00.000,"GJ02",8,10,80
2024-01-01 00:00:00.000,"GJ02",41,2,82
2024-01-01 00:00:00.000,"GJ02",97,3,291
2024-01-01 00:00:00.000,"GJ02",94,4,376
2024-01-01 00:00:00.000,"GJ02",109,5,545
2024-01-01 00:00:00.000,"GJ02",98,6,588
2024-01-01 00:00:00.000,"GJ02",64,7,448
2024-01-01 00:00:00.000,"GJ02",21,8,168
2024-01-01 00:00:00.000,"GJ02",12,9,108
2024-01-01 00:00:00.000,"KA01",1,10,10
2024-01-01 00:00:00.000,"KA01",75,2,150
2024-01-01 00:00:00.000,"KA01",54,3,162
2024-01-01 00:00:00.000,"KA01",22,4,88
2024-01-01 00:00:00.000,"KA01",10,5,50
2024-01-01 00:00:00.000,"KA01",5,6,30
2024-01-01 00:00:00.000,"KA01",2,7,14
2024-01-01 00:00:00.000,"KA01",3,8,24
2024-01-01 00:00:00.000,"KA01",0,9,0
2024-01-01 00:00:00.000,"KL01",6,10,60
2024-01-01 00:00:00.000,"KL01",410,2,820
2024-01-01 00:00:00.000,"KL01",188,3,564
2024-01-01 00:00:00.000,"KL01",58,4,232
2024-01-01 00:00:00.000,"KL01",62,5,310
2024-01-01 00:00:00.000,"KL01",33,6,198
2024-01-01 00:00:00.000,"KL01",17,7,119
2024-01-01 00:00:00.000,"KL01",13,8,104
2024-01-01 00:00:00.000,"KL01",8,9,72
2024-01-01 00:00:00.000,"MP01",13,10,130
2024-01-01 00:00:00.000,"MP01",399,2,798
2024-01-01 00:00:00.000,"MP01",194,3,582
2024-01-01 00:00:00.000,"MP01",120,4,480
2024-01-01 00:00:00.000,"MP01",120,5,600
2024-01-01 00:00:00.000,"MP01",79,6,474
2024-01-01 00:00:00.000,"MP01",54,7,378
2024-01-01 00:00:00.000,"MP01",34,8,272
2024-01-01 00:00:00.000,"MP01",20,9,180
2024-01-01 00:00:00.000,"RJ01",13,10,130
2024-01-01 00:00:00.000,"RJ01",705,2,1410
2024-01-01 00:00:00.000,"RJ01",278,3,834
2024-01-01 00:00:00.000,"RJ01",194,4,776
2024-01-01 00:00:00.000,"RJ01",118,5,590
2024-01-01 00:00:00.000,"RJ01",35,6,210
2024-01-01 00:00:00.000,"RJ01",43,7,301
2024-01-01 00:00:00.000,"RJ01",22,8,176
2024-01-01 00:00:00.000,"RJ01",14,9,126
2024-01-01 00:00:00.000,"TN01",1,10,10
2024-01-01 00:00:00.000,"TN01",49,2,98
2024-01-01 00:00:00.000,"TN01",69,3,207
2024-01-01 00:00:00.000,"TN01",64,4,256
2024-01-01 00:00:00.000,"TN01",97,5,485
2024-01-01 00:00:00.000,"TN01",54,6,324
2024-01-01 00:00:00.000,"TN01",25,7,175
2024-01-01 00:00:00.000,"TN01",23,8,184
2024-01-01 00:00:00.000,"TN01",10,9,90
2024-01-01 00:00:00.000,"UP01",14,10,140
2024-01-01 00:00:00.000,"UP01",77,2,154
2024-01-01 00:00:00.000,"UP01",202,3,606
2024-01-01 00:00:00.000,"UP01",201,4,804
2024-01-01 00:00:00.000,"UP01",352,5,1760
2024-01-01 00:00:00.000,"UP01",325,6,1950
2024-01-01 00:00:00.000,"UP01",137,7,959
2024-01-01 00:00:00.000,"UP01",87,8,696
2024-01-01 00:00:00.000,"UP01",36,9,324
2024-02-01 00:00:00.000,"AP01",4,10,40
2024-02-01 00:00:00.000,"AP01",433,2,866
2024-02-01 00:00:00.000,"AP01",145,3,435
2024-02-01 00:00:00.000,"AP01",94,4,376
2024-02-01 00:00:00.000,"AP01",48,5,240
2024-02-01 00:00:00.000,"AP01",34,6,204
2024-02-01 00:00:00.000,"AP01",11,7,77
2024-02-01 00:00:00.000,"AP01",14,8,112
2024-02-01 00:00:00.000,"AP01",7,9,63
2024-02-01 00:00:00.000,"CH01",13,10,130
2024-02-01 00:00:00.000,"CH01",296,2,592
2024-02-01 00:00:00.000,"CH01",147,3,441
2024-02-01 00:00:00.000,"CH01",140,4,560
2024-02-01 00:00:00.000,"CH01",127,5,635
2024-02-01 00:00:00.000,"CH01",48,6,288
2024-02-01 00:00:00.000,"CH01",36,7,252
2024-02-01 00:00:00.000,"CH01",29,8,232
2024-02-01 00:00:00.000,"CH01",17,9,153
2024-02-01 00:00:00.000,"GJ01",16,10,160
2024-02-01 00:00:00.000,"GJ01",87,2,174
2024-02-01 00:00:00.000,"GJ01",148,3,444
2024-02-01 00:00:00.000,"GJ01",284,4,1136
2024-02-01 00:00:00.000,"GJ01",197,5,985
2024-02-01 00:00:00.000,"GJ01",307,6,1842
2024-02-01 00:00:00.000,"GJ01",140,7,980
2024-02-01 00:00:00.000,"GJ01",112,8,896
2024-02-01 00:00:00.000,"GJ01",22,9,198
2024-02-01 00:00:00.000,"GJ02",8,10,80
2024-02-01 00:00:00.000,"GJ02",83,2,166
2024-02-01 00:00:00.000,"GJ02",76,3,228
2024-02-01 00:00:00.000,"GJ02",70,4,280
2024-02-01 00:00:00.000,"GJ02",101,5,505
2024-02-01 00:00:00.000,"GJ02",137,6,822
2024-02-01 00:00:00.000,"GJ02",93,7,651
2024-02-01 00:00:00.000,"GJ02",28,8,224
2024-02-01 00:00:00.000,"GJ02",14,9,126
2024-02-01 00:00:00.000,"KA01",1,10,10
2024-02-01 00:00:00.000,"KA01",91,2,182
2024-02-01 00:00:00.000,"KA01",47,3,141
2024-02-01 00:00:00.000,"KA01",18,4,72
2024-02-01 00:00:00.000,"KA01",11,5,55
2024-02-01 00:00:00.000,"KA01",8,6,48
2024-02-01 00:00:00.000,"KA01",4,7,28
2024-02-01 00:00:00.000,"KA01",2,8,16
2024-02-01 00:00:00.000,"KA01",1,9,9
2024-02-01 00:00:00.000,"KL01",10,10,100
2024-02-01 00:00:00.000,"KL01",439,2,878
2024-02-01 00:00:00.000,"KL01",239,3,717
2024-02-01 00:00:00.000,"KL01",153,4,612
2024-02-01 00:00:00.000,"KL01",75,5,375
2024-02-01 00:00:00.000,"KL01",37,6,222
2024-02-01 00:00:00.000,"KL01",16,7,112
2024-02-01 00:00:00.000,"KL01",19,8,152
2024-02-01 00:00:00.000,"KL01",17,9,153
2024-02-01 00:00:00.000,"MP01",18,10,180
2024-02-01 00:00:00.000,"MP01",332,2,664
2024-02-01 00:00:00.000,"MP01",271,3,813
2024-02-01 00:00:00.000,"MP01",176,4,704
2024-02-01 00:00:00.000,"MP01",107,5,535
2024-02-01 00:00:00.000,"MP01",59,6,354
2024-02-01 00:00:00.000,"MP01",66,7,462
2024-02-01 00:00:00.000,"MP01",46,8,368
2024-02-01 00:00:00.000,"MP01",28,9,252
2024-02-01 00:00:00.000,"RJ01",14,10,140
2024-02-01 00:00:00.000,"RJ01",999,2,1998
2024-02-01 00:00:00.000,"RJ01",222,3,666
2024-02-01 00:00:00.000,"RJ01",166,4,664
2024-02-01 00:00:00.000,"RJ01",88,5,440
2024-02-01 00:00:00.000,"RJ01",80,6,480
2024-02-01 00:00:00.000,"RJ01",51,7,357
2024-02-01 00:00:00.000,"RJ01",31,8,248
2024-02-01 00:00:00.000,"RJ01",10,9,90
2024-02-01 00:00:00.000,"TN01",3,10,30
2024-02-01 00:00:00.000,"TN01",39,2,78
2024-02-01 00:00:00.000,"TN01",39,3,117
2024-02-01 00:00:00.000,"TN01",58,4,232
2024-02-01 00:00:00.000,"TN01",66,5,330
2024-02-01 00:00:00.000,"TN01",65,6,390
2024-02-01 00:00:00.000,"TN01",38,7,266
2024-02-01 00:00:00.000,"TN01",28,8,224
2024-02-01 00:00:00.000,"TN01",10,9,90
2024-02-01 00:00:00.000,"UP01",20,10,200
2024-02-01 00:00:00.000,"UP01",169,2,338
2024-02-01 00:00:00.000,"UP01",180,3,540
2024-02-01 00:00:00.000,"UP01",301,4,1204
2024-02-01 00:00:00.000,"UP01",288,5,1440
2024-02-01 00:00:00.000,"UP01",323,6,1938
2024-02-01 00:00:00.000,"UP01",201,7,1407
2024-02-01 00:00:00.000,"UP01",129,8,1032
2024-02-01 00:00:00.000,"UP01",48,9,432
2024-03-01 00:00:00.000,"AP01",7,10,70
2024-03-01 00:00:00.000,"AP01",505,2,1010
2024-03-01 00:00:00.000,"AP01",225,3,675
2024-03-01 00:00:00.000,"AP01",87,4,348
2024-03-01 00:00:00.000,"AP01",51,5,255
2024-03-01 00:00:00.000,"AP01",15,6,90
2024-03-01 00:00:00.000,"AP01",15,7,105
2024-03-01 00:00:00.000,"AP01",8,8,64
2024-03-01 00:00:00.000,"AP01",10,9,90
2024-03-01 00:00:00.000,"CH01",19,10,190
2024-03-01 00:00:00.000,"CH01",333,2,666
2024-03-01 00:00:00.000,"CH01",175,3,525
2024-03-01 00:00:00.000,"CH01",102,4,408
2024-03-01 00:00:00.000,"CH01",79,5,395
2024-03-01 00:00:00.000,"CH01",70,6,420
2024-03-01 00:00:00.000,"CH01",38,7,266
2024-03-01 00:00:00.000,"CH01",33,8,264
2024-03-01 00:00:00.000,"CH01",23,9,207
2024-03-01 00:00:00.000,"GJ01",20,10,200
2024-03-01 00:00:00.000,"GJ01",181,2,362
2024-03-01 00:00:00.000,"GJ01",238,3,714
2024-03-01 00:00:00.000,"GJ01",167,4,668
2024-03-01 00:00:00.000,"GJ01",324,5,1620
2024-03-01 00:00:00.000,"GJ01",287,6,1722
2024-03-01 00:00:00.000,"GJ01",202,7,1414
2024-03-01 00:00:00.000,"GJ01",54,8,432
2024-03-01 00:00:00.000,"GJ01",21,9,189
2024-03-01 00:00:00.000,"GJ02",12,10,120
2024-03-01 00:00:00.000,"GJ02",72,2,144
2024-03-01 00:00:00.000,"GJ02",122,3,366
2024-03-01 00:00:00.000,"GJ02",94,4,376
2024-03-01 00:00:00.000,"GJ02",150,5,750
2024-03-01 00:00:00.000,"GJ02",150,6,900
2024-03-01 00:00:00.000,"GJ02",106,7,742
2024-03-01 00:00:00.000,"GJ02",40,8,320
2024-03-01 00:00:00.000,"GJ02",13,9,117
2024-03-01 00:00:00.000,"KA01",0,10,0
2024-03-01 00:00:00.000,"KA01",100,2,200
2024-03-01 00:00:00.000,"KA01",54,3,162
2024-03-01 00:00:00.000,"KA01",20,4,80
2024-03-01 00:00:00.000,"KA01",13,5,65
2024-03-01 00:00:00.000,"KA01",13,6,78
2024-03-01 00:00:00.000,"KA01",4,7,28
2024-03-01 00:00:00.000,"KA01",2,8,16
2024-03-01 00:00:00.000,"KA01",2,9,18
2024-03-01 00:00:00.000,"KL01",16,10,160
2024-03-01 00:00:00.000,"KL01",504,2,1008
2024-03-01 00:00:00.000,"KL01",371,3,1113
2024-03-01 00:00:00.000,"KL01",209,4,836
2024-03-01 00:00:00.000,"KL01",103,5,515
2024-03-01 00:00:00.000,"KL01",67,6,402
2024-03-01 00:00:00.000,"KL01",40,7,280
2024-03-01 00:00:00.000,"KL01",26,8,208
2024-03-01 00:00:00.000,"KL01",12,9,108
2024-03-01 00:00:00.000,"MP01",25,10,250
2024-03-01 00:00:00.000,"MP01",337,2,674
2024-03-01 00:00:00.000,"MP01",314,3,942
2024-03-01 00:00:00.000,"MP01",96,4,384
2024-03-01 00:00:00.000,"MP01",114,5,570
2024-03-01 00:00:00.000,"MP01",79,6,474
2024-03-01 00:00:00.000,"MP01",58,7,406
2024-03-01 00:00:00.000,"MP01",35,8,280
2024-03-01 00:00:00.000,"MP01",33,9,297
2024-03-01 00:00:00.000,"RJ01",17,10,170
2024-03-01 00:00:00.000,"RJ01",843,2,1686
2024-03-01 00:00:00.000,"RJ01",467,3,1401
2024-03-01 00:00:00.000,"RJ01",241,4,964
2024-03-01 00:00:00.000,"RJ01",119,5,595
2024-03-01 00:00:00.000,"RJ01",62,6,372
2024-03-01 00:00:00.000,"RJ01",41,7,287
2024-03-01 00:00:00.000,"RJ01",25,8,200
2024-03-01 00:00:00.000,"RJ01",25,9,225
2024-03-01 00:00:00.000,"TN01",7,10,70
2024-03-01 00:00:00.000,"TN01",39,2,78
2024-03-01 00:00:00.000,"TN01",49,3,147
2024-03-01 00:00:00.000,"TN01",71,4,284
2024-03-01 00:00:00.000,"TN01",108,5,540
2024-03-01 00:00:00.000,"TN01",79,6,474
2024-03-01 00:00:00.000,"TN01",49,7,343
2024-03-01 00:00:00.000,"TN01",19,8,152
2024-03-01 00:00:00.000,"TN01",6,9,54
2024-03-01 00:00:00.000,"UP01",17,10,170
2024-03-01 00:00:00.000,"UP01",125,2,250
2024-03-01 00:00:00.000,"UP01",264,3,792
2024-03-01 00:00:00.000,"UP01",325,4,1300
2024-03-01 00:00:00.000,"UP01",299,5,1495
2024-03-01 00:00:00.000,"UP01",266,6,1596
2024-03-01 00:00:00.000,"UP01",169,7,1183
2024-03-01 00:00:00.000,"UP01",134,8,1072
2024-03-01 00:00:00.000,"UP01",23,9,207
2024-04-01 00:00:00.000,"AP01",7,10,70
2024-04-01 00:00:00.000,"AP01",427,2,854
2024-04-01 00:00:00.000,"AP01",330,3,990
2024-04-01 00:00:00.000,"AP01",115,4,460
2024-04-01 00:00:00.000,"AP01",38,5,190
2024-04-01 00:00:00.000,"AP01",28,6,168
2024-04-01 00:00:00.000,"AP01",24,7,168
2024-04-01 00:00:00.000,"AP01",14,8,112
2024-04-01 00:00:00.000,"AP01",9,9,81
2024-04-01 00:00:00.000,"CH01",12,10,120
2024-04-01 00:00:00.000,"CH01",255,2,510
2024-04-01 00:00:00.000,"CH01",153,3,459
2024-04-01 00:00:00.000,"CH01",122,4,488
2024-04-01 00:00:00.000,"CH01",113,5,565
2024-04-01 00:00:00.000,"CH01",55,6,330
2024-04-01 00:00:00.000,"CH01",44,7,308
2024-04-01 00:00:00.000,"CH01",25,8,200
2024-04-01 00:00:00.000,"CH01",10,9,90
2024-04-01 00:00:00.000,"GJ01",24,10,240
2024-04-01 00:00:00.000,"GJ01",166,2,332
2024-04-01 00:00:00.000,"GJ01",166,3,498
2024-04-01 00:00:00.000,"GJ01",237,4,948
2024-04-01 00:00:00.000,"GJ01",367,5,1835
2024-04-01 00:00:00.000,"GJ01",173,6,1038
2024-04-01 00:00:00.000,"GJ01",265,7,1855
2024-04-01 00:00:00.000,"GJ01",135,8,1080
2024-04-01 00:00:00.000,"GJ01",18,9,162
2024-04-01 00:00:00.000,"GJ02",10,10,100
2024-04-01 00:00:00.000,"GJ02",70,2,140
2024-04-01 00:00:00.000,"GJ02",109,3,327
2024-04-01 00:00:00.000,"GJ02",179,4,716
2024-04-01 00:00:00.000,"GJ02",172,5,860
2024-04-01 00:00:00.000,"GJ02",159,6,954
2024-04-01 00:00:00.000,"GJ02",111,7,777
2024-04-01 00:00:00.000,"GJ02",38,8,304
2024-04-01 00:00:00.000,"GJ02",14,9,126
2024-04-01 00:00:00.000,"KA01",1,10,10
2024-04-01 00:00:00.000,"KA01",96,2,192
2024-04-01 00:00:00.000,"KA01",71,3,213
2024-04-01 00:00:00.000,"KA01",29,4,116
2024-04-01 00:00:00.000,"KA01",19,5,95
2024-04-01 00:00:00.000,"KA01",10,6,60
2024-04-01 00:00:00.000,"KA01",2,7,14
2024-04-01 00:00:00.000,"KA01",5,8,40
2024-04-01 00:00:00.000,"KA01",3,9,27
2024-04-01 00:00:00.000,"KL01",10,10,100
2024-04-01 00:00:00.000,"KL01",846,2,1692
2024-04-01 00:00:00.000,"KL01",324,3,972
2024-04-01 00:00:00.000,"KL01",182,4,728
2024-04-01 00:00:00.000,"KL01",94,5,470
2024-04-01 00:00:00.000,"KL01",43,6,258
2024-04-01 00:00:00.000,"KL01",35,7,245
2024-04-01 00:00:00.000,"KL01",20,8,160
2024-04-01 00:00:00.000,"KL01",22,9,198
2024-04-01 00:00:00.000,"MP01",17,10,170
2024-04-01 00:00:00.000,"MP01",421,2,842
2024-04-01 00:00:00.000,"MP01",296,3,888
2024-04-01 00:00:00.000,"MP01",184,4,736
2024-04-01 00:00:00.000,"MP01",115,5,575
2024-04-01 00:00:00.000,"MP01",108,6,648
2024-04-01 00:00:00.000,"MP01",71,7,497
2024-04-01 00:00:00.000,"MP01",39,8,312
2024-04-01 00:00:00.000,"MP01",44,9,396
2024-04-01 00:00:00.000,"RJ01",16,10,160
2024-04-01 00:00:00.000,"RJ01",991,2,1982
2024-04-01 00:00:00.000,"RJ01",282,3,846
2024-04-01 00:00:00.000,"RJ01",218,4,872
2024-04-01 00:00:00.000,"RJ01",91,5,455
2024-04-01 00:00:00.000,"RJ01",63,6,378
2024-04-01 00:00:00.000,"RJ01",30,7,210
2024-04-01 00:00:00.000,"RJ01",22,8,176
2024-04-01 00:00:00.000,"RJ01",23,9,207
2024-04-01 00:00:00.000,"TN01",12,10,120
2024-04-01 00:00:00.000,"TN01",53,2,106
2024-04-01 00:00:00.000,"TN01",81,3,243
2024-04-01 00:00:00.000,"TN01",62,4,248
2024-04-01 00:00:00.000,"TN01",86,5,430
2024-04-01 00:00:00.000,"TN01",88,6,528
2024-04-01 00:00:00.000,"TN01",56,7,392
2024-04-01 00:00:00.000,"TN01",26,8,208
2024-04-01 00:00:00.000,"TN01",16,9,144
2024-04-01 00:00:00.000,"UP01",20,10,200
2024-04-01 00:00:00.000,"UP01",130,2,260
2024-04-01 00:00:00.000,"UP01",204,3,612
2024-04-01 00:00:00.000,"UP01",160,4,640
2024-04-01 00:00:00.000,"UP01",241,5,1205
2024-04-01 00:00:00.000,"UP01",377,6,2262
2024-04-01 00:00:00.000,"UP01",209,7,1463
2024-04-01 00:00:00.000,"UP01",136,8,1088
2024-04-01 00:00:00.000,"UP01",19,9,171
2024-05-01 00:00:00.000,"AP01",11,10,110
2024-05-01 00:00:00.000,"AP01",500,2,1000
2024-05-01 00:00:00.000,"AP01",239,3,717
2024-05-01 00:00:00.000,"AP01",92,4,368
2024-05-01 00:00:00.000,"AP01",39,5,195
2024-05-01 00:00:00.000,"AP01",32,6,192
2024-05-01 00:00:00.000,"AP01",19,7,133
2024-05-01 00:00:00.000,"AP01",13,8,104
2024-05-01 00:00:00.000,"AP01",6,9,54
2024-05-01 00:00:00.000,"CH01",15,10,150
2024-05-01 00:00:00.000,"CH01",338,2,676
2024-05-01 00:00:00.000,"CH01",164,3,492
2024-05-01 00:00:00.000,"CH01",135,4,540
2024-05-01 00:00:00.000,"CH01",101,5,505
2024-05-01 00:00:00.000,"CH01",78,6,468
2024-05-01 00:00:00.000,"CH01",75,7,525
2024-05-01 00:00:00.000,"CH01",33,8,264
2024-05-01 00:00:00.000,"CH01",30,9,270
2024-05-01 00:00:00.000,"GJ01",19,10,190
2024-05-01 00:00:00.000,"GJ01",161,2,322
2024-05-01 00:00:00.000,"GJ01",255,3,765
2024-05-01 00:00:00.000,"GJ01",216,4,864
2024-05-01 00:00:00.000,"GJ01",234,5,1170
2024-05-01 00:00:00.000,"GJ01",368,6,2208
2024-05-01 00:00:00.000,"GJ01",211,7,1477
2024-05-01 00:00:00.000,"GJ01",111,8,888
2024-05-01 00:00:00.000,"GJ01",31,9,279
2024-05-01 00:00:00.000,"GJ02",17,10,170
2024-05-01 00:00:00.000,"GJ02",110,2,220
2024-05-01 00:00:00.000,"GJ02",81,3,243
2024-05-01 00:00:00.000,"GJ02",160,4,640
2024-05-01 00:00:00.000,"GJ02",161,5,805
2024-05-01 00:00:00.000,"GJ02",152,6,912
2024-05-01 00:00:00.000,"GJ02",96,7,672
2024-05-01 00:00:00.000,"GJ02",70,8,560
2024-05-01 00:00:00.000,"GJ02",21,9,189
2024-05-01 00:00:00.000,"KA01",3,10,30
2024-05-01 00:00:00.000,"KA01",180,2,360
2024-05-01 00:00:00.000,"KA01",67,3,201
2024-05-01 00:00:00.000,"KA01",51,4,204
2024-05-01 00:00:00.000,"KA01",17,5,85
2024-05-01 00:00:00.000,"KA01",17,6,102
2024-05-01 00:00:00.000,"KA01",9,7,63
2024-05-01 00:00:00.000,"KA01",4,8,32
2024-05-01 00:00:00.000,"KA01",1,9,9
2024-05-01 00:00:00.000,"KL01",14,10,140
2024-05-01 00:00:00.000,"KL01",971,2,1942
2024-05-01 00:00:00.000,"KL01",468,3,1404
2024-05-01 00:00:00.000,"KL01",151,4,604
2024-05-01 00:00:00.000,"KL01",88,5,440
2024-05-01 00:00:00.000,"KL01",83,6,498
2024-05-01 00:00:00.000,"KL01",28,7,196
2024-05-01 00:00:00.000,"KL01",29,8,232
2024-05-01 00:00:00.000,"KL01",21,9,189
2024-05-01 00:00:00.000,"MP01",22,10,220
2024-05-01 00:00:00.000,"MP01",613,2,1226
2024-05-01 00:00:00.000,"MP01",284,3,852
2024-05-01 00:00:00.000,"MP01",234,4,936
2024-05-01 00:00:00.000,"MP01",173,5,865
2024-05-01 00:00:00.000,"MP01",101,6,606
2024-05-01 00:00:00.000,"MP01",61,7,427
2024-05-01 00:00:00.000,"MP01",48,8,384
2024-05-01 00:00:00.000,"MP01",27,9,243
2024-05-01 00:00:00.000,"RJ01",24,10,240
2024-05-01 00:00:00.000,"RJ01",902,2,1804
2024-05-01 00:00:00.000,"RJ01",365,3,1095
2024-05-01 00:00:00.000,"RJ01",216,4,864
2024-05-01 00:00:00.000,"RJ01",98,5,490
2024-05-01 00:00:00.000,"RJ01",115,6,690
2024-05-01 00:00:00.000,"RJ01",41,7,287
2024-05-01 00:00:00.000,"RJ01",56,8,448
2024-05-01 00:00:00.000,"RJ01",25,9,225
2024-05-01 00:00:00.000,"TN01",3,10,30
2024-05-01 00:00:00.000,"TN01",43,2,86
2024-05-01 00:00:00.000,"TN01",92,3,276
2024-05-01 00:00:00.000,"TN01",72,4,288
2024-05-01 00:00:00.000,"TN01",83,5,415
2024-05-01 00:00:00.000,"TN01",113,6,678
2024-05-01 00:00:00.000,"TN01",57,7,399
2024-05-01 00:00:00.000,"TN01",30,8,240
2024-05-01 00:00:00.000,"TN01",11,9,99
2024-05-01 00:00:00.000,"UP01",18,10,180
2024-05-01 00:00:00.000,"UP01",225,2,450
2024-05-01 00:00:00.000,"UP01",247,3,741
2024-05-01 00:00:00.000,"UP01",271,4,1084
2024-05-01 00:00:00.000,"UP01",316,5,1580
2024-05-01 00:00:00.000,"UP01",374,6,2244
2024-05-01 00:00:00.000,"UP01",125,7,875
2024-05-01 00:00:00.000,"UP01",48,8,384
2024-05-01 00:00:00.000,"UP01",38,9,342
2024-06-01 00:00:00.000,"AP01",11,10,110
2024-06-01 00:00:00.000,"AP01",401,2,802
2024-06-01 00:00:00.000,"AP01",178,3,534
2024-06-01 00:00:00.000,"AP01",69,4,276
2024-06-01 00:00:00.000,"AP01",64,5,320
2024-06-01 00:00:00.000,"AP01",40,6,240
2024-06-01 00:00:00.000,"AP01",22,7,154
2024-06-01 00:00:00.000,"AP01",11,8,88
2024-06-01 00:00:00.000,"AP01",6,9,54
2024-06-01 00:00:00.000,"CH01",18,10,180
2024-06-01 00:00:00.000,"CH01",220,2,440
2024-06-01 00:00:00.000,"CH01",155,3,465
2024-06-01 00:00:00.000,"CH01",212,4,848
2024-06-01 00:00:00.000,"CH01",80,5,400
2024-06-01 00:00:00.000,"CH01",81,6,486
2024-06-01 00:00:00.000,"CH01",52,7,364
2024-06-01 00:00:00.000,"CH01",25,8,200
2024-06-01 00:00:00.000,"CH01",24,9,216
2024-06-01 00:00:00.000,"GJ01",11,10,110
2024-06-01 00:00:00.000,"GJ01",157,2,314
2024-06-01 00:00:00.000,"GJ01",264,3,792
2024-06-01 00:00:00.000,"GJ01",345,4,1380
2024-06-01 00:00:00.000,"GJ01",218,5,1090
2024-06-01 00:00:00.000,"GJ01",287,6,1722
2024-06-01 00:00:00.000,"GJ01",102,7,714
2024-06-01 00:00:00.000,"GJ01",72,8,576
2024-06-01 00:00:00.000,"GJ01",34,9,306
2024-06-01 00:00:00.000,"GJ02",15,10,150
2024-06-01 00:00:00.000,"GJ02",53,2,106
2024-06-01 00:00:00.000,"GJ02",131,3,393
2024-06-01 00:00:00.000,"GJ02",121,4,484
2024-06-01 00:00:00.000,"GJ02",92,5,460
2024-06-01 00:00:00.000,"GJ02",133,6,798
2024-06-01 00:00:00.000,"GJ02",89,7,623
2024-06-01 00:00:00.000,"GJ02",54,8,432
2024-06-01 00:00:00.000,"GJ02",15,9,135
2024-06-01 00:00:00.000,"KA01",1,10,10
2024-06-01 00:00:00.000,"KA01",178,2,356
2024-06-01 00:00:00.000,"KA01",68,3,204
2024-06-01 00:00:00.000,"KA01",48,4,192
2024-06-01 00:00:00.000,"KA01",16,5,80
2024-06-01 00:00:00.000,"KA01",7,6,42
2024-06-01 00:00:00.000,"KA01",5,7,35
2024-06-01 00:00:00.000,"KA01",5,8,40
2024-06-01 00:00:00.000,"KA01",1,9,9
2024-06-01 00:00:00.000,"KL01",6,10,60
2024-06-01 00:00:00.000,"KL01",465,2,930
2024-06-01 00:00:00.000,"KL01",267,3,801
2024-06-01 00:00:00.000,"KL01",148,4,592
2024-06-01 00:00:00.000,"KL01",72,5,360
2024-06-01 00:00:00.000,"KL01",35,6,210
2024-06-01 00:00:00.000,"KL01",25,7,175
2024-06-01 00:00:00.000,"KL01",19,8,152
2024-06-01 00:00:00.000,"KL01",12,9,108
2024-06-01 00:00:00.000,"MP01",14,10,140
2024-06-01 00:00:00.000,"MP01",376,2,752
2024-06-01 00:00:00.000,"MP01",278,3,834
2024-06-01 00:00:00.000,"MP01",157,4,628
2024-06-01 00:00:00.000,"MP01",117,5,585
2024-06-01 00:00:00.000,"MP01",68,6,408
2024-06-01 00:00:00.000,"MP01",68,7,476
2024-06-01 00:00:00.000,"MP01",33,8,264
2024-06-01 00:00:00.000,"MP01",20,9,180
2024-06-01 00:00:00.000,"RJ01",10,10,100
2024-06-01 00:00:00.000,"RJ01",415,2,830
2024-06-01 00:00:00.000,"RJ01",393,3,1179
2024-06-01 00:00:00.000,"RJ01",138,4,552
2024-06-01 00:00:00.000,"RJ01",95,5,475
2024-06-01 00:00:00.000,"RJ01",45,6,270
2024-06-01 00:00:00.000,"RJ01",38,7,266
2024-06-01 00:00:00.000,"RJ01",28,8,224
2024-06-01 00:00:00.000,"RJ01",19,9,171
2024-06-01 00:00:00.000,"TN01",5,10,50
2024-06-01 00:00:00.000,"TN01",63,2,126
2024-06-01 00:00:00.000,"TN01",48,3,144
2024-06-01 00:00:00.000,"TN01",70,4,280
2024-06-01 00:00:00.000,"TN01",86,5,430
2024-06-01 00:00:00.000,"TN01",51,6,306
2024-06-01 00:00:00.000,"TN01",42,7,294
2024-06-01 00:00:00.000,"TN01",31,8,248
2024-06-01 00:00:00.000,"TN01",6,9,54
2024-06-01 00:00:00.000,"UP01",17,10,170
2024-06-01 00:00:00.000,"UP01",201,2,402
2024-06-01 00:00:00.000,"UP01",320,3,960
2024-06-01 00:00:00.000,"UP01",297,4,1188
2024-06-01 00:00:00.000,"UP01",272,5,1360
2024-06-01 00:00:00.000,"UP01",272,6,1632
2024-06-01 00:00:00.000,"UP01",246,7,1722
2024-06-01 00:00:00.000,"UP01",83,8,664
2024-06-01 00:00:00.000,"UP01",19,9,171
